"scenario","year","b0","b1","b2","mu","fp","N","tenperc","h","ofs","badfit"
"WC_Main base",1993,-176.066986864497,2.47490132117762,-0.00841589553703059,147.037312326886,19.7560863296768,6943.8653567294,137.159269162047,359.398717397736,52.8849522836034,FALSE
"WC_Main base",1994,-128.648514029204,1.91936889613441,-0.00687601866818222,139.569785129876,21.8565977604949,4258.4514389269,128.641486249628,199.225665559108,55.4972435404981,FALSE
"WC_Main base",1995,-245.457728818735,3.42602208200977,-0.0116607861596356,146.903563580863,16.7836791166933,8005.02172629899,138.511724022517,487.698583492449,46.0787611744401,FALSE
"WC_Main base",1996,-115.875587823015,1.6179044451752,-0.0054018771143286,149.753910625223,24.659185814444,4679.93896609368,137.424317718001,194.060704215196,62.4579287499662,FALSE
"WC_Main base",1997,-254.544072778636,3.65831901448174,-0.0128068285464182,142.8268911863,16.0151232634038,12840.3322416274,134.819329554598,819.826821320182,45.776344411482,FALSE
"WC_Main base",1998,-299.822249547006,3.94739681030317,-0.0127460255023316,154.848144999438,16.053276713776,5192.23808070767,146.82150664255,330.72502140349,42.6682459917049,FALSE
"WC_Main base",1999,-360.217357164859,4.6459141719881,-0.0147059296934596,157.960573347986,14.9453070032961,12093.1346645383,150.487919846338,827.389862344467,42.7476922165804,FALSE
"WC_Main base",2000,-195.269328443062,2.68044737497545,-0.00890871942545311,150.43954394372,19.2018663546497,10786.3768451547,140.838610766395,574.39188230763,53.4099833680839,FALSE
"WC_Main base",2001,-197.181768913952,2.70135405204206,-0.00900452279971775,149.999845195946,19.0994443308836,4217.31938822425,140.450123030504,225.783347233714,49.0661854574354,FALSE
"WC_Main base",2002,-143.431988947826,2.00946795577992,-0.00675067044358441,148.83469520347,22.058583968202,9688.62777091539,137.805403219369,449.118337981762,60.1562403581341,FALSE
"WC_Main base",2003,-231.660410883593,3.12467162710493,-0.0102677353087797,152.159728174581,17.8860216077456,7524.51145189271,143.216717370708,430.170578393265,48.6047563728413,FALSE
"WC_Main base",2004,-191.706356689842,2.84105937833869,-0.0102107154798831,139.121464305615,17.9358926502799,6531.14457480871,130.153517980475,372.342361259008,48.1566125550866,FALSE
"WC_Main base",2005,-186.10095566023,2.63167012626587,-0.00909425930892749,144.688535749275,19.0049799901755,1349.80283120063,135.186045754188,72.6238159939192,43.4146781015432,FALSE
"WC_Main base",2006,-143.822414896742,2.04615430984669,-0.00704328255351684,145.255730854147,21.5955131280319,2529.07873132939,134.457974290131,119.74984738336,52.1316880509935,FALSE
"WC_Main base",2007,-210.853945415604,3.03682358575668,-0.0106665885293418,142.352148365101,17.5484318009035,3421.79258905042,133.577932464649,199.384556271611,44.56150606212,FALSE
"WC_Main base",2008,-277.575695502018,3.84890102760665,-0.0131582229625775,146.254590705488,15.7998317689356,751.25554578513,138.35467482102,48.6195992933753,34.3615289527907,FALSE
"WC_Main base",2009,-184.818269509503,2.53755293057636,-0.0084711772833678,149.775695024029,19.691518055325,3538.70190306856,139.929935996366,183.755746149288,49.6166310958146,FALSE
"WC_Main base",2010,-95.5536166350265,1.40310054311375,-0.00486546680882201,144.189714804925,25.982972053627,6890.35710918422,131.198228778112,271.162139329172,67.8683169625411,FALSE
"WC_Main base",2011,-219.145256269135,2.73350507898253,-0.00833674442277636,163.94319774962,19.8496493625229,2671.59720938551,154.018373068358,137.624035587166,48.6086938030613,FALSE
"WC_Main base",2012,-223.954064888666,3.09245707999668,-0.0103623620068119,149.215838916059,17.8041688034972,15136.6819280825,140.31375451431,869.330924206175,51.1118888527201,FALSE
"WC_Main base",2013,-153.145794824719,2.348010802003,-0.00860218739978193,136.477543029493,19.5409931991064,22693.007806417,126.70704642994,1187.46707275728,57.37586228972,FALSE
"WC_Main base",2014,-168.585057174461,2.56204018204497,-0.00936869920994372,136.734039840113,18.7245519908327,13115.505549595,127.371763844697,716.225446915438,52.9791555991011,FALSE
"WC_Main base",2015,-146.553664080984,2.17822754600106,-0.00778165350006229,139.95917101575,20.5454254502715,7173.54253187197,129.686458290615,357.021759180169,54.9669111717657,FALSE
"WC_Main base",2016,-193.565910099216,2.90489722082931,-0.0105959018643625,137.07644983951,17.6068684598268,4344.20441893754,128.273015609596,252.292465199952,45.6926897876768,FALSE
"WC_Main base",2017,-187.863560835353,2.56862461819737,-0.00851626881254125,150.80692464843,19.6393180172465,6469.68185724107,140.987265639807,336.846988755076,52.2820919747788,FALSE
"WC_Main base",2018,-302.945953456149,4.3633117467576,-0.0153946731784065,141.714984663586,14.6071620261764,7234.43097706256,134.411403650498,506.424464836589,40.2251131735594,FALSE
"WC_Main base",2019,-217.46823902951,3.17792021383937,-0.0113063164605294,140.537381247623,17.0447452548856,5730.82691272488,132.01500862018,343.797665941647,45.4545991973405,FALSE
"WC_North base",1993,-195.386226745373,2.63758239851635,-0.00874308477291051,150.838203392961,19.3828992638265,651.957545455222,141.146753761048,34.3935277948442,40.2317096335175,FALSE
"WC_North base",1994,-342.470644882413,4.95327946476589,-0.0177416428679276,139.594723601391,13.606742526002,344.977539450298,132.79135233839,25.9246439404947,27.0907805795931,FALSE
"WC_North base",1995,-353.306100884839,4.78133898233458,-0.0159961540484455,149.452767454413,14.3299044433488,754.563216519468,142.287815232739,53.8429049406956,31.5714626243852,FALSE
"WC_North base",1996,-155.295268309597,1.97744874606943,-0.00621050130066751,159.202023342052,22.9978774179528,185.819203877764,147.703084633075,8.26188198772909,36.8788935555256,FALSE
"WC_North base",1997,-174.57572340206,2.45511996328819,-0.00849111545651617,144.569931704562,19.6683854265634,346.981582328906,134.735738991281,18.0390582075423,36.9136727096074,FALSE
"WC_North base",1998,-264.115986772799,3.36888955004216,-0.010651103130398,158.147447677388,17.5611838024988,167.012055620724,149.366855776138,9.72456492093303,29.2274201771725,FALSE
"WC_North base",1999,-265.429691694039,3.39403027565522,-0.010730385727769,158.150431949145,17.4961871832018,328.221343254485,149.402338357544,19.1822501028735,33.1838291949671,FALSE
"WC_North base",2000,-237.64876287505,3.14041830930788,-0.0101919303615853,154.063960304542,17.9524141896334,1248.03107283235,145.087753209725,71.0851175245613,40.9076146948974,FALSE
"WC_North base",2001,-208.676835182485,2.88685992876216,-0.00982120366139897,146.970780175785,18.2881057691167,572.014047974393,137.826727291226,31.9826258033682,37.567417343624,FALSE
"WC_North base",2002,-125.364223368479,1.71221892453264,-0.0056548963687012,151.392599695501,24.1012050739133,1643.19112556262,139.341997158544,69.7148776705,54.7931826050676,FALSE
"WC_North base",2003,-154.866992400151,2.0824590744643,-0.00684549568284371,152.10433042003,21.9052711248407,715.496223461273,141.15169485761,33.3991073675522,45.2782977715173,FALSE
"WC_North base",2004,-136.519170503515,1.99223451317393,-0.00705707323587129,141.151611056504,21.574402216327,1253.39662169145,130.36440994834,59.4053960549981,48.1150590572233,FALSE
"WC_North base",2005,-125.690711564149,1.73644774916802,-0.00589661829866848,147.240982985123,23.6020418126861,197.646138943284,135.43996207878,8.56278237163145,38.1669546102095,FALSE
"WC_North base",2006,-327.173149651437,4.69466597858864,-0.0166168964272855,141.261817425781,14.0597023592348,1137.29405604713,134.231966246164,82.7128126895873,32.6015923531621,FALSE
"WC_North base",2007,-302.26200328551,4.16559086209736,-0.0141712585624604,146.973214966665,15.224634396315,701.886690693715,139.360897768507,47.1407276627788,32.9786617906776,FALSE
"WC_North base",2008,-115.891532594656,1.55662530515606,-0.00510750474354635,152.38608511553,25.3598507927614,373.669838130961,139.706159719149,15.0666776566449,46.0902773149034,FALSE
"WC_North base",2009,-208.929784160087,2.84143112357171,-0.00945500508935235,150.260687155608,18.6388966334343,1721.3822292721,140.941238838891,94.4350603792447,43.8636894317021,FALSE
"WC_North base",2010,-104.32071545691,1.46584948899083,-0.00496778973568478,147.535379613724,25.7139905770669,1137.25190657596,134.678384325191,45.2234135000515,55.3991247825066,FALSE
"WC_North base",2011,-129.616341757182,1.61887224121857,-0.0049978778671351,161.95596253601,25.6364722883155,109.771414323371,149.137726391852,4.37831640252508,34.3777982911043,FALSE
"WC_North base",2014,-233.748010968227,3.49523680516945,-0.0128062601252212,136.465945990187,16.0154786846756,1796.62123980533,128.45820664785,114.707747813406,38.4872922770773,FALSE
"WC_North base",2015,-126.136480600111,1.89682705576013,-0.00687580486501406,137.934910384942,21.8569375733322,2310.20744917336,127.006441598276,108.078128312754,52.1943568518365,FALSE
"WC_North base",2016,-199.995660541551,3.02260257678137,-0.0111585613064918,135.438722509097,17.1572224227742,1832.05643542841,126.86011129771,109.186265810586,41.0160400853459,FALSE
"WC_North base",2017,-264.09875097876,3.57295621628482,-0.0118781137860671,150.400824602129,16.6294292091563,1600.26326828282,142.086109997551,98.3988994465467,39.3112347852608,FALSE
"WC_North base",2018,-258.963776500596,3.78962661286787,-0.0136071971777572,139.250815702977,15.5369849228419,2021.23740402091,131.482323241556,133.022997284024,37.9160656196886,FALSE
"WC_North base",2019,-170.765400629719,2.52397633671882,-0.00906968787276132,139.143505935799,19.0307065534097,2335.1495672055,129.628152659094,125.468855610429,46.1636218378091,FALSE
"WC_Bailey base",1993,-129.304575887617,1.76940262296092,-0.00590787988585799,149.749373476298,23.5795360032521,553.903390303779,137.959605474672,24.0201057744579,46.3929512397833,FALSE
"WC_Bailey base",1994,-95.4653056818711,1.35997477750249,-0.00469154359524269,144.938947053751,26.4602050387292,569.473477035527,131.708844534387,22.0067770481427,51.3388621012021,FALSE
"WC_Bailey base",1995,-215.053878664517,2.98051884342404,-0.0101234614429329,147.20848497451,18.013021474627,1331.10910138182,138.201974237197,75.5619632304072,41.3386392209231,FALSE
"WC_Bailey base",1996,-142.752164797077,1.96109676103525,-0.00655336542721151,149.625164567521,22.3881851829736,1151.47755259655,138.431071976034,52.5911578703237,49.1796089450021,FALSE
"WC_Bailey base",1997,-122.215903118458,1.71782323501899,-0.00589007548163216,145.823533193753,23.6151469911556,479.734019345662,134.015959698175,20.7723681237252,45.3889792528461,FALSE
"WC_Bailey base",1998,-275.903516635152,3.59156795771812,-0.0115716914062024,155.187683098472,16.8481671175134,265.602309247249,146.763599539716,16.119639758504,30.9996628517101,FALSE
"WC_Bailey base",1999,-322.779687721968,4.16520932636448,-0.0132718902130098,156.918466756209,15.7320273619391,856.506002530269,149.05245307524,55.6700824877268,34.8053925507604,FALSE
"WC_Bailey base",2000,-215.308196018324,2.87203010940461,-0.00938603843183444,152.994798085612,18.7072486713051,1482.17850925567,143.641173749959,81.0152431296776,43.2763227976619,FALSE
"WC_Bailey base",2001,-163.793630943259,2.2597774115993,-0.00765142089312031,147.670442076396,20.7195365545707,431.095928640731,137.310673799111,21.2750226545331,39.9801646610233,FALSE
"WC_Bailey base",2002,-150.202240050791,2.12837324717547,-0.00726750059473196,146.430895975315,21.2597691953437,5779.64239791172,135.801011377643,277.983212758338,55.6541498102234,FALSE
"WC_Bailey base",2003,-165.82294617003,2.30030531876929,-0.007748258451048,148.440151635505,20.5896533107963,2720.02819314226,138.145324980106,135.082944436842,50.3253501054305,FALSE
"WC_Bailey base",2004,-159.628001457143,2.34970617236224,-0.00837039918912722,140.358071298105,19.8097045438765,3774.4259057691,130.453219026167,194.826959586236,50.1937005374014,FALSE
"WC_Bailey base",2005,-254.268019847827,3.42476547967879,-0.0114110998475947,150.062900396086,16.9663073683276,246.176802422106,141.579746711922,14.8366531105331,30.7478548493615,FALSE
"WC_Bailey base",2006,-123.622043972101,1.79880994348254,-0.00629376218453223,142.904187570302,22.8452502104894,3020.43423653228,131.481562465058,135.191570227427,55.8430674519802,FALSE
"WC_Bailey base",2007,-166.405882730568,2.41089699271757,-0.00851154131185939,141.625171304661,19.6447713186794,1438.70419900691,131.802785645321,74.8860080896987,45.0365330674978,FALSE
"WC_Bailey base",2008,-237.979619083989,3.36209542712624,-0.0117067583622177,143.596345081191,16.7506921163246,497.128188191963,135.220999023028,30.3467215655846,34.147584820037,FALSE
"WC_Bailey base",2009,-214.705908194308,2.95481950470992,-0.0099454279322171,148.55165231946,18.1735322491417,2086.9058275249,139.464886194889,117.419344829875,43.7808271798072,FALSE
"WC_Bailey base",2010,-127.65627185964,1.76674212438569,-0.00588209851445603,150.179576221283,23.6311543249828,3457.51601267172,138.363999058791,149.608204451306,58.3575259705227,FALSE
"WC_Bailey base",2011,-155.945646584037,1.96136922079736,-0.00604461176433371,162.241124597152,23.3113206023383,538.284072015201,150.585464295983,23.6113489030196,45.7412476891855,FALSE
"WC_Bailey base",2013,-122.15205939775,1.85882617331143,-0.00674759483789299,137.739907179421,22.0636106316939,7607.29102221656,126.708101863574,352.557203862525,58.9654187618586,FALSE
"WC_Bailey base",2014,-151.752910344032,2.283873206474,-0.00830376782889966,137.520295216192,19.8890245746074,3844.64423180397,127.575782928888,197.660013509732,50.4636320608279,FALSE
"WC_Bailey base",2015,-123.46333540499,1.87074826079829,-0.00681139346366228,137.324929970529,21.9600386023612,3145.71274365196,126.344910669349,146.474528774018,54.1159431123097,FALSE
"WC_Bailey base",2016,-203.468794879749,3.03613924809267,-0.0110801935800271,137.007500192305,17.2177901109492,1543.47621645458,128.39860513683,91.6639735132286,40.386447727384,FALSE
"WC_Bailey base",2017,-139.307942274178,1.89206178794255,-0.00617890739541374,153.106501429923,23.0565986674952,5717.06018916569,141.578202096175,253.54419482247,59.8623933641649,FALSE
"WC_Bailey base",2018,-208.264458698147,3.14411887654981,-0.0115764800179342,135.797706715641,16.8446821343591,3039.23979325406,127.375365648461,184.49232067621,42.4597516339642,FALSE
"WC_Bailey base",2019,-189.777385015895,2.78372665757111,-0.00989515676646654,140.661069009276,18.2196379979849,7214.28666032643,131.551250010284,404.883238641776,49.2634116161288,FALSE
"FR_Shore base",1993,-430.488656832845,5.9771772734805,-0.0206338598916253,144.839048652901,12.6171377534456,132.748187249204,138.530479776178,10.7583062161021,21.4601896997754,FALSE
"FR_Shore base",1997,-401.588623413471,5.7811445786193,-0.0207477396102278,139.319865373899,12.582463779997,37.9224284196901,133.0286334839,3.08181523894248,14.7306182747336,FALSE
"FR_Shore base",2001,-388.43861268301,5.51235844608252,-0.0194660509764232,141.589027295751,12.9900898541812,77.325915350507,135.093982368661,6.08680041449487,19.2648076078088,FALSE
"FR_Shore base",2003,-157.383936507383,2.3294319077004,-0.0083686364269088,139.176311938362,19.8117907833946,2166.6370719884,129.270416546665,111.824916795642,47.4823892424078,FALSE
"FR_Shore base",2004,-143.662344964719,2.28555820148389,-0.0087944444492704,129.943296285958,19.3262181891415,2376.34955801605,120.280187191387,125.730196363684,46.8905499910869,FALSE
"FR_Shore base",2005,-95.1107766778688,1.42920282661861,-0.00515046978657072,138.744899576452,25.253853769409,1398.59475590776,126.117972691748,56.6291940926447,55.989988480467,FALSE
"FR_Shore base",2006,-209.36274222063,2.98626677865891,-0.010428664727422,143.175893401126,17.747481436485,1439.32312045883,134.302152682884,82.9273367626279,41.1648717592664,FALSE
"FR_Shore base",2007,-149.005948874923,2.36702800236672,-0.00909988259031718,130.058161678117,18.9991070097006,2544.8278037204,120.558608173267,136.96240050581,46.5030776009574,FALSE
"FR_Shore base",2008,-298.646456679162,4.18896659169035,-0.0144425098833832,145.022112690744,15.0809863416355,2418.95400335494,137.481619519926,164.01139051591,37.5829630403282,FALSE
"FR_Shore base",2009,-220.540721631646,3.17936545274012,-0.0112186792931779,141.699631910929,17.1111901231841,1870.92462779568,133.144036849337,111.802682050684,41.0090673974905,FALSE
"FR_Shore base",2010,-117.138162851172,1.7680234249099,-0.00641929762098334,137.711594733558,22.6207670590171,2201.92677554142,126.401211204049,99.534053728889,53.5412800019792,FALSE
"FR_Shore base",2011,-159.647235714201,2.16738958737881,-0.00715779512807334,151.400644234575,21.4220708554694,1749.34339066243,140.68960880684,83.5006322788408,49.7267237409186,FALSE
"FR_Shore base",2012,-410.834830981484,5.83362284926158,-0.0204216897671771,142.829092885293,12.6825109551164,3978.43067776917,136.487837407735,320.761839901619,33.6200508789383,FALSE
"FR_Shore base",2013,-359.504036301284,5.60631667495315,-0.0216611345019158,129.409580889156,12.3143213841968,311.061950766341,123.252420197058,25.8292951191495,24.5037130233468,FALSE
"FR_Shore base",2014,-224.692058018206,3.62765753329059,-0.0142819264472639,127.001687996564,15.1655333097849,4289.82937475702,119.418921341672,289.240083638446,39.8403418798881,FALSE
"FR_Shore base",2015,-196.190683147865,3.13433321471755,-0.0122021138163299,128.43402634562,16.4071650715894,2597.41544986437,120.230443809826,161.876579450349,40.8353470275929,FALSE
"FR_Shore base",2016,-150.482568661852,2.54043516487984,-0.0102981745604662,123.343955278849,17.859568374872,8530.05661174885,114.414171091413,488.379135405775,49.0380848429684,FALSE
"FR_Shore base",2017,-155.525375757247,2.25938651352132,-0.00798048374280326,141.556989922999,20.2878709980324,1600.93685942171,131.413054423983,80.6889150690764,46.9112908192755,FALSE
"FR_Shore base",2018,-151.741920844755,2.24258119627756,-0.00808397894334665,138.70528436515,20.1575848477476,869.841412948583,128.626491941276,44.1242900697408,43.2878144387613,FALSE
"FR_Shore base",2019,-244.764544528794,3.66989792866679,-0.0134812980587763,136.110703608311,15.6093647121321,2246.75217898606,128.306021252245,147.179082257215,38.4845318130724,FALSE
"FR_Spires base",1995,-689.726045025063,9.85922331088442,-0.0350564441183811,140.61927213141,9.67981711867475,304.941730359668,135.779363572073,32.2126055850089,19.9048222049354,FALSE
"FR_Spires base",1996,-466.672752551992,7.00507453579376,-0.0261243098898208,134.071953772897,11.2131768036534,203.175787504853,128.46536537107,18.5276112113414,21.1419055374828,FALSE
"FR_Spires base",1997,-584.572928235867,8.33890170645185,-0.0296273017298318,140.730022978356,10.5294341549637,92.3772357710913,135.465305900874,8.97090125824752,17.210793183454,FALSE
"FR_Spires base",1999,-593.231254495242,8.0473303901213,-0.0271816963711081,148.02847990523,10.9929133533854,116.834528795847,142.532023228538,10.867622730495,18.7373271709369,FALSE
"FR_Spires base",2000,-1074.61239321766,15.2978500750462,-0.0542318024151526,141.04132071749,7.78258842899584,508.62193370011,137.150026502992,66.8262617784723,17.6049975415472,FALSE
"FR_Spires base",2001,-642.724138395044,9.13057305401316,-0.0322283347461687,141.654434303321,10.0956003585129,522.571381450672,136.606634124064,52.928503942804,22.1946571176468,FALSE
"FR_Spires base",2003,-182.55642920188,2.67210723322114,-0.00954013485143466,140.045569314951,18.5555497804156,1720.63544043857,130.767794424743,94.818085999076,43.6869741483142,FALSE
"FR_Spires base",2004,-127.293355415232,2.03393425169637,-0.00793449504949888,128.170364907142,20.3465807602288,420.870391520231,117.997074527027,21.1511061274801,39.2229914231268,FALSE
"FR_Spires base",2005,-224.649849850859,3.03314525699412,-0.0101976232281995,148.718244885071,17.9474024842305,42.8341184140248,139.744543642956,2.44041888795683,18.7070044445252,FALSE
"FR_Spires base",2006,-230.805462511953,3.41751504181621,-0.0124649951937982,137.084490955782,16.2332331267453,494.463247283486,128.967874392409,31.1462050200204,33.2185447579601,FALSE
"FR_Spires base",2007,-194.065855430055,2.95738808290371,-0.0110289402331572,134.073991715572,17.2577507272721,1112.6929550246,125.445116351936,65.9276041672456,38.9758262964357,FALSE
"FR_Spires base",2008,-231.882075501973,3.27700736955961,-0.0113314879043632,144.597399618535,17.0258033744702,2575.36479140403,136.0844979313,154.670428053483,42.1849608015154,FALSE
"FR_Spires base",2009,-357.693258485145,5.07918497559278,-0.0177918312456629,142.739240988218,13.5875375718492,1624.76506368616,135.945472202294,122.271703005109,32.871736882988,FALSE
"FR_Spires base",2010,-94.752025398511,1.38114493882501,-0.00482697098314059,143.065386517654,26.0863753702008,1456.98551751067,130.022198832553,57.1107209476608,57.8963889740355,FALSE
"FR_Spires base",2011,-243.90885307897,3.20795673583469,-0.010367254560278,154.715827473068,17.7999672028336,1222.80640163346,145.815843871652,70.2448757339464,40.5036439744857,FALSE
"FR_Spires base",2012,-360.338086806252,5.18952231800465,-0.018378883867517,141.181650512974,13.3687719984345,5245.9818267978,134.497264513757,401.246643241222,36.1201608276094,FALSE
"FR_Spires base",2013,-550.014914696124,8.60499961720716,-0.0333249104392585,129.10761805184,9.92811017187519,2306.94000987953,124.143562965903,237.599684870139,25.6249174575445,FALSE
"FR_Spires base",2014,-180.63620357841,2.85633685351566,-0.0109652974981779,130.244384796231,17.3077603773986,3654.04252909361,121.590504607532,215.878241084843,44.2789677775152,FALSE
"FR_Spires base",2015,-150.5925869303,2.38605807873812,-0.00911738829539815,130.852059900884,18.9808587704997,4623.33358535834,121.361630515634,249.066615475452,49.2010775854776,FALSE
"FR_Spires base",2016,-129.574302255131,2.13534335057748,-0.00841029797441179,126.948138881299,19.7626596720472,7526.18828899064,117.066809045276,389.408865226284,53.2618262236316,FALSE
"FR_Spires base",2017,-921.585105310381,13.03372803765,-0.0458323679083178,142.189119092891,8.46574018171032,1281.51221136315,137.956249002036,154.786813667809,20.977192771455,FALSE
"FR_Spires base",2018,-197.612767351519,2.92989312957568,-0.0105931651464588,138.291676239708,17.6091426583197,2498.10264118508,129.487104910548,145.060180550095,43.3518297074233,FALSE
"FR_Spires base",2019,-222.45011104899,3.4232628190174,-0.0128165783252345,133.548234643772,16.0090306226001,7230.8717137179,125.543719332472,461.850872292145,43.7582352152078,FALSE
"FR_Eaton base",1993,-472.909035008602,6.39465141789129,-0.0215446911790188,148.404341579022,12.3475543560181,59.0957792617715,142.230564401013,4.89386138496602,17.1704863888328,FALSE
"FR_Eaton base",1994,-386.638642093385,5.38877045535266,-0.0187382685241218,143.79051213872,13.2399502807129,28.4841655082021,137.170536998364,2.19985113726804,12.9728601270844,FALSE
"FR_Eaton base",1995,-384.662218971118,5.3379705553545,-0.0184897879693864,144.349155441711,13.3286178974181,23.8357139333641,137.684846493002,1.82860201366624,11.4267121234134,FALSE
"FR_Eaton base",1996,-108.135713551212,1.53613421586122,-0.00538163145377933,142.720123911723,24.7055261161769,106.449006830321,130.367360853635,4.40578859102065,33.1995175629573,FALSE
"FR_Eaton base",1997,-415.489579554094,5.78784728923273,-0.0200958519024146,144.006019683528,12.7849158122176,43.7648790342056,137.613561777419,3.5002898353142,15.7915802371094,FALSE
"FR_Eaton base",1999,-469.28661508419,6.47411016865878,-0.0222786409333681,145.298588635227,12.1424615335166,34.0336036397844,139.227357868469,2.86600766355542,13.7493870257629,FALSE
"FR_Eaton base",2000,-471.84306636161,6.66861405526373,-0.0234246740957308,142.341661361237,11.8417068243883,184.395529012871,136.420807949043,15.922535613811,21.7397979982373,FALSE
"FR_Eaton base",2001,-487.233751000922,6.7299615363979,-0.0231119996514487,145.59453179933,11.921538953839,171.591228045096,139.633762322411,14.7176647903325,21.5730002661321,FALSE
"FR_Eaton base",2003,-168.372640929096,2.43094134678805,-0.00858157647591882,141.637224442947,19.5644455555437,841.078845039786,131.855001665175,43.9587477160445,41.993209802599,FALSE
"FR_Eaton base",2004,-90.342469575908,1.47676474505613,-0.00572252096732367,129.030959736858,23.9583765861936,3247.869325437,117.051771443761,138.617259187638,58.7131465327868,FALSE
"FR_Eaton base",2005,-154.256953335187,2.20906998226417,-0.00771213237309239,143.220439911769,20.6378212066901,1032.64547856483,132.901529308424,51.1638891253851,45.176959865134,FALSE
"FR_Eaton base",2006,-250.803610497315,3.62749443485065,-0.0129132135034848,140.45668933886,15.9490168741862,809.515562180804,132.482180901767,51.900008804466,34.9763056076572,FALSE
"FR_Eaton base",2007,-171.071116095511,2.58224100315498,-0.00950551797106274,135.828526705015,18.5893065679249,1339.6796273505,126.533873421052,73.6909084279404,42.5373314398212,FALSE
"FR_Eaton base",2008,-321.544395940743,4.51648862454675,-0.0155899386307821,144.852674904987,14.5153957340378,3719.19672621683,137.594977037968,261.997059660667,37.7981377529717,FALSE
"FR_Eaton base",2009,-367.161431795044,5.20104095770702,-0.0181696782895049,143.124189510588,13.4455157084242,2022.96500941378,136.401431656376,153.846299149275,33.2963981440365,FALSE
"FR_Eaton base",2011,-181.144340916149,2.40194522292779,-0.00783611771541477,153.26117537788,20.4739014084195,370.555760722889,143.02422467367,18.5067052701272,38.5950910080152,FALSE
"FR_Eaton base",2012,-201.999718887483,2.91510245782936,-0.0103010074914276,141.495987662143,17.8571123819356,1209.61033049263,132.567431471175,69.2644519678275,40.5664614665061,FALSE
"FR_Eaton base",2014,-122.598696579054,1.9427327461092,-0.00737052236675404,131.790709629497,21.1106667019954,4655.78274903733,121.2353762785,225.510571033867,54.2269367004401,FALSE
"FR_Eaton base",2015,-119.994169803542,1.88325847147398,-0.00704635174654177,133.633583676705,21.5908094161159,7252.54009995999,122.838178968647,343.476763384131,57.5733521438968,FALSE
"FR_Eaton base",2016,-107.10909291052,1.7315798571028,-0.00664796937629834,130.233741996189,22.2283168234658,6155.22211084155,119.119583584456,283.14786924256,58.2847241617479,FALSE
"FR_Eaton base",2017,-624.314404747738,8.40620372379856,-0.028110148913337,149.522575453348,10.8098460812524,666.731740864413,144.117652412722,63.0678124883233,24.2839498763544,FALSE
"FR_Eaton base",2018,-459.690384853629,6.53739438701502,-0.0230293345253768,141.936241792207,11.9429163134396,823.915950811169,135.964783635487,70.542146194772,27.1894763316807,FALSE
"FR_Eaton base",2019,-198.853703868691,3.02322778087087,-0.0112020963522392,134.940268580468,17.1238506516561,2813.18510996455,126.37834325464,167.985975480052,42.7739975140494,FALSE
"Fir_Butte base",1993,-286.166447879713,3.90207923878637,-0.0131390828365776,148.491309755787,15.8113356433633,536.157288218506,140.585641934105,34.6736693104129,32.8560724347226,FALSE
"Fir_Butte base",1994,-184.601268353285,2.68040515627656,-0.00960527769669355,139.527728448665,18.4925210072931,198.192595816684,130.281467945019,10.9589123164271,31.5755545533876,FALSE
"Fir_Butte base",1995,-285.101113108668,3.98065130654212,-0.0137034715192574,145.242440973739,15.4823108395343,809.212125178788,137.501285553972,53.444466479717,34.078634657679,FALSE
"Fir_Butte base",1996,-284.850479858565,3.77560318646466,-0.0123399551023298,152.982857520762,16.3152710616631,829.33460515579,144.825221989931,51.9770516299582,35.7862222836448,FALSE
"Fir_Butte base",1997,-406.838654225798,5.74040806317781,-0.020051125025366,143.144288809625,12.799167152864,693.506467327761,136.744705233193,55.4044887320446,28.2999091864968,FALSE
"Fir_Butte base",1998,-359.261625002061,4.58828771144987,-0.0145552391532914,157.616362848024,15.0224722527258,151.449534799795,150.105126721661,10.3086710175407,25.320736405977,FALSE
"Fir_Butte base",1999,-329.270847216612,4.23980482372067,-0.0135037685205,156.985985700371,15.5963722031752,517.433328081031,149.187799598783,33.9239921763277,32.3093336579466,FALSE
"Fir_Butte base",2000,-388.416061210935,5.12197513247227,-0.0167195598749151,153.17314483131,14.0164703567784,649.635296900476,146.164909652921,47.3922248874929,30.3825676900038,FALSE
"Fir_Butte base",2003,-543.173327397755,7.43734967418436,-0.0252004250684155,147.563972710639,11.4168724777534,2927.53758499531,141.855536471763,262.199268810902,29.7316325739479,FALSE
"Fir_Butte base",2004,-199.403318882685,2.93290607091474,-0.0104957945813723,139.71815321729,17.6906350045829,4177.82586947118,130.872835714998,241.481052222172,45.7279301531081,FALSE
"Fir_Butte base",2005,-87.6366125937868,1.29054605124378,-0.0045812961282685,140.849446871659,26.7766906298925,675.185691062173,127.461101556713,25.7835359371757,53.2671994032396,FALSE
"Fir_Butte base",2006,-316.915276402707,4.52787361629977,-0.0159466416143876,141.969504482203,14.3521335303361,1256.80603245712,134.793437717035,89.5422364273424,33.5773360711554,FALSE
"Fir_Butte base",2007,-108.319790757095,1.61483212623431,-0.00579134689249124,139.417665373146,23.8155871835053,1629.99444474824,127.509871781393,69.9843571279017,54.1684427673563,FALSE
"Fir_Butte base",2008,-175.354604067768,2.42973518929599,-0.0082096273456961,147.980845352851,20.0027340785851,1629.64649553005,137.979478313559,83.3067501436532,46.419840822107,FALSE
"Fir_Butte base",2009,-341.283580418043,4.71767152263818,-0.0160498886833746,146.968979527098,14.3058962469162,3073.26539072007,139.81603140364,219.665139816269,36.6583678839878,FALSE
"Fir_Butte base",2010,-198.938253109057,2.68170142491392,-0.00886380611726973,151.272567869521,19.2504532488959,926.053258936768,141.647341245073,49.1893577390585,41.9286962758122,FALSE
"Fir_Butte base",2011,-219.218085574754,2.72907151634065,-0.00833736914284558,163.66502847499,19.8489056802886,1181.53162807899,153.740575634846,60.8674251821611,44.398428479066,FALSE
"Fir_Butte base",2012,-165.569808274998,2.29661562559332,-0.0076907089555211,149.311047841993,20.6665458137699,7269.70211883854,138.977774935108,359.687104309042,55.325926255332,FALSE
"Fir_Butte base",2013,-299.200572753496,4.57195076747672,-0.0170991119186444,133.689714098297,13.8600343265523,8246.56519683318,126.759696935021,608.394021796868,38.7257736226411,FALSE
"Fir_Butte base",2014,-295.682224976773,4.50209315570289,-0.0167343069357388,134.516869237289,14.0102930080365,16966.9956838705,127.511722733271,1238.3228256656,41.2583895222253,FALSE
"Fir_Butte base",2015,-116.430584789752,1.84820160207119,-0.00691501361877309,133.636873617546,21.7948840778501,24903.2173076074,122.739431578621,1168.36097328979,63.9203375196498,FALSE
"Fir_Butte base",2016,-210.482541257436,3.27715124633979,-0.0122598425260681,133.653888268612,16.3684907536085,80220.9547462879,125.469642891808,5011.35692832653,52.7222134241634,FALSE
"Fir_Butte base",2017,-214.191297871599,2.96894129271691,-0.0099547992376904,149.121103390817,18.1649760834758,23197.9237914909,140.038615349079,1305.84140222132,53.69238257728,FALSE
"Fir_Butte base",2018,-214.91522157525,3.13445596506573,-0.0110622518589123,141.673503959344,17.2317471079863,20825.458968704,133.057630405351,1235.78072252046,50.7378076075636,FALSE
"Fir_Butte base",2019,-199.528524008034,3.0610476483242,-0.011279558511221,135.690046967666,17.0649504900397,57703.4421649429,127.157571722646,3457.58475858892,53.7549090882781,FALSE
"FR_GreenOaks base",2000,-185.92864818185,2.60762409175296,-0.00910346087281875,143.221579582928,18.995372668716,41.5662176563362,133.72389324857,2.23752984097902,18.8115738102101,FALSE
"FR_GreenOaks base",2001,-221.66527240912,3.09413666713868,-0.0107231816327567,144.2732564413,17.5020633791087,79.4678582928285,135.522224751746,4.64278319138803,23.9313264628243,FALSE
"FR_GreenOaks base",2003,-192.039764283906,2.7008402375954,-0.00930332904540159,145.154504608775,18.7902211933635,983.242228435358,135.759394012094,53.5062823385999,41.3657952687381,FALSE
"FR_GreenOaks base",2004,-85.9508290589454,1.38333265784662,-0.00531410647234767,130.156656160814,24.8619940126002,1429.68244689828,117.725659154514,58.8003315055767,55.3774869639502,FALSE
"FR_GreenOaks base",2005,-128.252325143307,1.88046722748914,-0.00666695933185777,141.028850926345,22.1966370320475,1678.07342912841,129.930532410321,77.3036370367017,51.0737710508523,FALSE
"FR_GreenOaks base",2006,-205.679777822029,2.99682780946911,-0.0106811263949645,140.286131754884,17.5364853262686,1585.91384019871,131.51788909175,92.4726237185251,41.173949293946,FALSE
"FR_GreenOaks base",2007,-96.2167664822358,1.56898470405959,-0.0061067410798961,128.463339409036,23.1924340319832,2171.74605089012,116.867122393044,95.7500164977316,54.6626327122248,FALSE
"FR_GreenOaks base",2008,-339.848263167276,4.77605897769463,-0.0164866453548823,144.846294527717,14.1151317235889,5848.41964288126,137.788728665923,423.671976367995,38.3092973667594,FALSE
"FR_GreenOaks base",2009,-265.028661867756,3.81038908684899,-0.0134068448999543,142.106107562338,15.6526469869112,4626.14290835104,134.279784068882,302.209004928406,41.2788226595958,FALSE
"FR_GreenOaks base",2010,-116.467144888926,1.71646289319083,-0.00604451904605151,141.985067803871,23.3114993905344,4991.89996327203,130.329318108604,218.96354337191,59.717194191107,FALSE
"FR_GreenOaks base",2011,-132.834453142066,1.84714690546964,-0.00615736468915452,149.994924673146,23.0968973881931,6729.76481002387,138.44647597905,297.935592623887,60.8346468500561,FALSE
"FR_GreenOaks base",2012,-292.479585653366,4.31187412358246,-0.0154840262157769,139.2362058645,14.5649545703552,31610.639394842,131.953728579323,2219.21967006103,44.6140713502691,FALSE
"FR_GreenOaks base",2013,-219.778403543721,3.53548905964237,-0.0137492816610346,128.569955391267,15.4564971778039,27342.0500498908,120.841706802365,1808.82329311838,46.7125014618462,FALSE
"FR_GreenOaks base",2014,-205.251012391392,3.30688189696728,-0.0128630628140155,128.541776744032,15.9800777536818,22794.7955207285,120.551737867191,1458.58908604072,47.596967207153,FALSE
"FR_GreenOaks base",2015,-131.57816357346,2.15053401898032,-0.00830295787213515,129.504090716728,19.8899946419855,41824.9964068815,119.559093395735,2150.19274998301,60.8002029280798,FALSE
"FR_GreenOaks base",2016,-110.070964972963,1.84272447040616,-0.00719318789311189,128.088164648857,21.3693041779911,58941.933911381,117.403512559861,2820.39637049219,66.4670196103907,FALSE
"FR_GreenOaks base",2017,-263.991152417258,3.81032503698869,-0.0133707557395172,142.487272642611,15.6737568716871,26902.2823866236,134.650394206767,1755.06080834511,47.2737268568984,FALSE
"FR_GreenOaks base",2018,-174.93636335049,2.64804211052407,-0.00965721498036855,137.10174806645,18.4427268305148,13116.5193513907,127.880384651192,727.226368646013,52.2422215523382,FALSE
"FR_GreenOaks base",2019,-274.868603986893,4.09938630034401,-0.0148376377734503,138.141473829454,14.8788272360858,57336.2154722735,130.702060211411,3940.36515134698,47.2429824478413,FALSE
"WC_FirGrove base",2002,-139.184496264374,1.88184300118463,-0.00624644151234945,150.633204318343,22.9316204183557,287.080020076785,139.167394109165,12.8010139402426,40.4057564293458,FALSE
"WC_FirGrove base",2003,-142.359851615226,1.99370588889666,-0.00682518737019573,146.055029756604,21.9378364335209,545.371674861081,135.086111539843,25.4199639893503,43.5457472371321,FALSE
"WC_FirGrove base",2006,-118.432173139974,1.6906784641186,-0.00589455958518421,143.410074975582,23.6061630366041,378.87910923841,131.60699345728,16.4116181771494,43.5739926212094,FALSE
"WC_FirGrove base",2010,-138.027508598375,1.9229780959682,-0.006590888241796,145.881558404652,22.3243647417079,204.263459773909,134.719376033798,9.35594631382494,36.8379197597483,FALSE
"WC_FirGrove base",2013,-123.396342702161,1.87594910240221,-0.00690088543132763,135.92089892451,21.8171830110416,1279.74892387166,125.012307418989,59.9794177221957,48.7137523462864,FALSE
"WC_FirGrove base",2014,-139.908913508144,2.07543351489121,-0.00752234763713202,137.951183261353,20.8965400348732,524.604432405474,127.502913243916,25.6704640338063,41.5416238224862,FALSE
"WC_FirGrove base",2015,-122.806963504809,1.85940448198065,-0.0068317086411887,136.086342351473,21.9273634507994,878.546752932309,125.122660626074,40.9689288932325,46.6247934595975,FALSE
"WC_FirGrove base",2016,-161.925342552156,2.30609061614963,-0.00809938900923745,142.362011104758,20.1383995978657,182.154398120089,132.292811305825,9.24891641445923,33.1452039961182,FALSE
"WC_FirGrove base",2017,-137.447148409342,1.85124713514724,-0.00608790719956322,152.042982462024,23.2282810155735,608.203685841152,140.428841954237,26.7736833812719,46.4754435686102,FALSE
"WC_FirGrove base",2018,-142.119604194193,2.01590943775159,-0.00703730126350788,143.230292570047,21.6046886334724,200.472141799778,132.427948253311,9.48816362663547,35.7620605699145,FALSE
"WC_FirGrove base",2019,-105.697325420286,1.54885622706546,-0.0055358283085789,139.893809989121,24.3590180502569,333.951550745229,127.714300963992,14.0184447479723,43.6788714497818,FALSE
"WC_Hayfield base",2011,-168.001109736599,2.18157634282012,-0.00696988725006171,156.500117186315,21.7089194383599,318.241323162413,145.645657467135,14.9897542020942,39.4176453714165,FALSE
"WC_Hayfield base",2013,-169.606361681597,2.48587223926757,-0.00886323671954094,140.235013343767,19.2510715889373,2063.35425158182,130.609477549298,109.596083643621,46.0399592856391,FALSE
"WC_Hayfield base",2014,-107.551338550755,1.58414618377344,-0.00557304281924801,142.125786141653,24.2775520213002,3604.52147537632,129.987010131003,151.81646365326,60.0414578027959,FALSE
"WC_Hayfield base",2015,-106.533335568877,1.56837330619625,-0.00550913114043801,142.343072456935,24.4179684392459,3878.64495711093,130.134088237312,162.42267020294,60.7933323427371,FALSE
"WC_Hayfield base",2016,-220.676315569543,3.32825475822775,-0.0122556370118036,135.784649750244,16.3712989314649,3164.93351472908,127.599000284511,197.677663741638,41.5385973079538,FALSE
"WC_Hayfield base",2017,-122.597287480015,1.68752249441354,-0.00555551455310765,151.878145424853,24.3158210473553,6126.95388216833,139.720234901175,257.650992556087,63.2233008353015,FALSE
"WC_Hayfield base",2018,-189.982104491432,2.78441379681415,-0.00992216513769172,140.31281268626,18.1948239548001,3794.15980108937,131.21540070886,213.227839978555,46.4948450685757,FALSE
"WC_Hayfield base",2019,-142.218302217994,2.11592514535638,-0.00756799797380726,139.794246290734,20.8334205028403,5961.37557001283,129.377536039314,292.59173263767,54.7856661404694,FALSE
